{"xy_sens": 5.7, "targeting_sens": 30.4, "xy_scale": 1.7543859649122806, "targeting_scale": 5.482456140350878}